{"train_loss": [4.376044048724584, 3.993079090795459, 3.8623654003156207, 3.728557288574157, 3.6264484604119125, 3.5128166006899426, 3.384461773691184, 3.2865519780899883, 3.1834105511304895, 3.0916239561786356, 2.997879447962804, 2.8957924932785497, 2.824471260100462, 2.7556228200191577, 2.6688324053598627, 2.5737555636998524, 2.4803824082349424, 2.4022891182606085, 2.3078536221270145, 2.242153617898865, 2.1612977289686017, 2.1083823173089637, 2.0459653733790604, 2.002823680087148, 1.9523020494782175, 1.895616774820169, 1.8333435081484513, 1.7946289020587336, 1.7898843050809063, 1.7332475650786063, 1.6897481220166695, 1.6553991289054968, 1.6265851353535061, 1.6082015615286578, 1.5720778399661557, 1.5253892100606923, 1.5188145806452484, 1.4811644268648458, 1.4840603552451401, 1.4413477165462036, 1.4361006668324887, 1.3936920542745996, 1.3702635968513308, 1.3264630902369656, 1.325218527940901, 1.3117900938017293, 1.2999355430938329, 1.2744153096919288, 1.2452520613254447, 1.2341685242552947, 1.2103785776624492, 1.2028818642472479, 1.172301422219731, 1.1743871205879919, 1.1575663039457, 1.1179975848491326, 1.1331772782820313, 1.1029428216152048, 1.0903867904038909, 1.0795615389993498, 1.0814962130128087, 1.0543794435693896, 1.0446683746483618, 1.030167777873601, 1.0117709002436779, 1.021477995344398, 1.0060925204742592, 0.9945581868663682, 0.992751659091217, 0.9838444786187843, 0.9661394017060275, 0.9819293131128689, 0.9780496853924507, 0.9660923986196357, 0.95719777891328, 0.9675934852177103, 0.9609637575265602, 0.9643264892860551, 0.961832619164746, 0.9421419045665604], "val_loss": [5.049630099449688, 4.854742688743172, 4.745823142795768, 5.073059296515821, 4.774453622600221, 4.582469789608013, 4.388936872132629, 4.375992212501748, 4.3677688715388925, 4.083054066127736, 4.224741490572383, 4.107152646379661, 4.01249929616584, 3.85289526717934, 3.8261575307091937, 3.8780536345026904, 3.733117327126766, 3.79710694797906, 3.515709203948026, 3.3657408203436616, 3.527763026841292, 3.268347302761295, 3.253489063910079, 3.2056217806025207, 3.1665559728778443, 3.1136663965729103, 3.0188621081965206, 3.0212806929095493, 3.0378871172258726, 2.9855243169214116, 2.7830566623100577, 2.9182105452790474, 2.8400039313218817, 2.8150939311177257, 2.7610846602604155, 2.70974817824416, 2.7615304303047212, 2.695890343975002, 2.6439051554517587, 2.6095479146871123, 2.5655474340505986, 2.5624427568896317, 2.545205541380792, 2.5513157053301603, 2.492054742019926, 2.47594042307753, 2.466931440171983, 2.419151351641901, 2.4105438326613777, 2.417973623272768, 2.3673878936922987, 2.396760107506334, 2.3992113912664683, 2.315277768317079, 2.3320811293434724, 2.2770276043490534, 2.250627020453132, 2.2890715281890874, 2.2537669005792966, 2.2441097828931698, 2.212944932707696, 2.1855033641696835, 2.1717982856031623, 2.178739487359009, 2.138800285583029, 2.1391233377517436, 2.1298042128455434, 2.144341587721461, 2.147029304721071, 2.1422982982591465, 2.122995470554667, 2.1257983778980747, 2.1408319454214038, 2.10961497651862, 2.1087565903353314, 2.1046106268791, 2.1013318613307, 2.086293489098935, 2.0970947087825955, 2.0977790685179687], "train_acc": [0.016655397791300427, 0.026188866351138155, 0.032454361054766734, 0.03962136578769439, 0.05061978814514311, 0.061640748253324315, 0.07450980392156863, 0.08649988731124633, 0.10027045300878973, 0.11133648861843588, 0.1274960558936218, 0.14151453684922244, 0.1583276988956502, 0.16637367590714447, 0.1867252648185711, 0.20042821726391707, 0.2189317106152806, 0.23448275862068965, 0.251701600180302, 0.2649988731124634, 0.28395312147847646, 0.2926977687626775, 0.3065134099616858, 0.3201036736533694, 0.3315979265269326, 0.34300202839756594, 0.3569754338517016, 0.36581023213883257, 0.36950642325895877, 0.3838178949740816, 0.3933062880324544, 0.4003831417624521, 0.40921794004958306, 0.4124859139057922, 0.4233040342573811, 0.43324318233040343, 0.4354068064007212, 0.4490646833446022, 0.4454811809781384, 0.4560288483209376, 0.4592292089249493, 0.4724137931034483, 0.47847644805048456, 0.48580121703853957, 0.4865224250619788, 0.4934865900383142, 0.49603335587108405, 0.5032228983547442, 0.5117647058823529, 0.5122154608970024, 0.5149876042370971, 0.5212756366914582, 0.5339643903538427, 0.5325895875591616, 0.5359026369168357, 0.5451431147171513, 0.5391029975208474, 0.5504620238900158, 0.5544737435203967, 0.5612801442416047, 0.5608293892269551, 0.5655623168807753, 0.5711967545638945, 0.5719405003380663, 0.5786792878070769, 0.5756141537074599, 0.5817444219066937, 0.5846743295019157, 0.5845616407482533, 0.5883479828713094, 0.589790398918188, 0.5895875591615957, 0.5934415145368492, 0.5931485237773271, 0.5982645931935993, 0.5918413342348433, 0.5935091277890466, 0.5937119675456389, 0.5964615731350011, 0.5976335361730899], "val_acc": [0.004700720777185835, 0.005745325394338243, 0.007834534628643058, 0.009714822939517392, 0.015669069257286117, 0.018071659876736656, 0.030189073435704587, 0.04199310560952679, 0.04627598453985167, 0.06382534210801212, 0.06863052334691319, 0.07855426720986107, 0.07542045335840385, 0.0986106758591873, 0.10362477802151886, 0.12848636790974616, 0.1395591768515617, 0.12263658205369268, 0.16097357150318603, 0.16745012012953098, 0.15888436226888122, 0.2028622166509976, 0.2105922908179254, 0.22291862530032383, 0.22866395069466208, 0.2367074062467356, 0.24673561057139873, 0.25143633134858456, 0.2556147498171942, 0.2679410842995926, 0.2984435391204429, 0.2695079912253212, 0.27807374908597093, 0.29290713464953516, 0.2958320275775619, 0.29666771127128383, 0.3180821059229082, 0.3102475712942651, 0.3242452731641074, 0.3324976496396114, 0.3369894494933668, 0.3335422542567638, 0.3480622584351823, 0.34639089104773846, 0.36017967199415024, 0.3616421184581636, 0.36237334169017027, 0.37543089940457536, 0.37146140185939625, 0.3801316201817612, 0.3858769455760995, 0.382638671262927, 0.38869737804241095, 0.3937114802047425, 0.396949754517915, 0.40269507991225323, 0.41345450746892304, 0.4027995403739685, 0.41543925624151257, 0.4131411260837773, 0.421706883944427, 0.4244228559490233, 0.42713882795361957, 0.4253630001044605, 0.43330199519481877, 0.43382429750339496, 0.433406455656534, 0.4362268881228455, 0.4346599811971169, 0.4339287579651102, 0.4406142275148856, 0.4378982555102894, 0.4367491904314217, 0.44092760890003135, 0.44437480413663427, 0.44124099028517705, 0.4444792645983495, 0.44583725060064766, 0.44343465998119713, 0.44437480413663427],