{"train_loss": [4.566942173569005, 4.338092934851553, 4.125361851826965, 3.965160966644906, 3.762314867312397, 3.610395862445225, 3.4432813300080523, 3.3015281684339004, 3.1661687003671517, 3.064182855762123, 2.964665183253672, 2.869869784248125, 2.765893642833057, 2.689029076004286, 2.6334407316340718, 2.5447191735552, 2.4802134618959046, 2.4237436905190943, 2.349788493091307, 2.3199741418656665, 2.2528316857445634, 2.228303978070768, 2.172617817247454, 2.128441830081179, 2.1081012294774446, 2.0558087513364596, 2.03503419925749, 1.9940919920912943, 1.9705131653920471, 1.9374354947491865, 1.892599740070294, 1.881034872659241, 1.8539985770869691, 1.8439501080180922, 1.8241717087730835, 1.7849665630822895, 1.777749520012299, 1.7418707324654126, 1.738845585487113, 1.7126338125645428, 1.6911061554844917, 1.6866682251213854, 1.648282254991538, 1.6413598520680002, 1.6342519413223937, 1.6114618562056133, 1.5950978895713543, 1.5784498594998508, 1.5723868478384269, 1.557439782282563, 1.542063462839004, 1.526289282173946, 1.528855568577584, 1.5104290680437171, 1.4927866448737062, 1.483463948606397, 1.4698064799563477, 1.4673961118720045, 1.445016920832543, 1.4454189443362573, 1.431922743560657, 1.4327732509499551, 1.427091489602296, 1.3876782797090583, 1.4012892140013855, 1.3990088004369523, 1.375771364575709, 1.390183719321632, 1.3752245267393461, 1.3725200655010603, 1.3757068878496879, 1.3585104773059093, 1.357947630427672, 1.345711564501852, 1.3426684804829978, 1.3473453657944674, 1.3459186887321963, 1.3419486102258296, 1.3417242017285578, 1.3521273460800862], "val_loss": [5.917575086531664, 6.303339399813759, 6.1810444338025565, 5.82775274887611, 5.5651158082078, 5.516691553073406, 5.3790272318008086, 5.1816360568173385, 5.184796198276371, 5.14375741242939, 5.015265677274861, 4.913878392441002, 5.000077919540118, 4.772697453039088, 4.676265455345792, 4.686819069365355, 4.524890849100414, 4.3325338164404945, 4.386630982225944, 4.32459944432449, 4.348165362005534, 4.249698514837737, 4.209114405150749, 4.197803510713513, 4.25023254994052, 4.11615072815418, 4.018143473654771, 4.034575746012845, 3.9840568741523743, 3.9752253779769253, 3.8900599171845602, 3.9056049096575602, 3.8476626371174265, 3.833386079154019, 3.8295552764929637, 3.748138025413919, 3.75413702175085, 3.698643496750565, 3.7150633906690502, 3.693745581343868, 3.717036310214054, 3.6449323055401224, 3.6522098778059497, 3.56957738907325, 3.627737473808933, 3.5598295072919957, 3.5821010770312576, 3.5349760934699606, 3.462573510532305, 3.4978549803958274, 3.4258389616914147, 3.452847017684501, 3.4056916487673963, 3.3889428750606685, 3.3999864034464427, 3.3779284590951555, 3.3933566478580612, 3.3805866911906155, 3.360358766561564, 3.3698484766860624, 3.354206125402256, 3.303394842431748, 3.282702677453883, 3.3392588922898496, 3.290060004582291, 3.271054116658229, 3.287222028338995, 3.2549491529366095, 3.2494198100190546, 3.2647252329636376, 3.2440746898226736, 3.2503362471041455, 3.2353483167895574, 3.221147662007073, 3.219952525756806, 3.237796257945122, 3.2275752485277858, 3.2226457996800764, 3.213388408275155, 3.2220845538272536], "train_acc": [0.01192247013748028, 0.019089474870407932, 0.026459319359927878, 0.0400946585530764, 0.06121253098940726, 0.081947261663286, 0.10723461798512508, 0.1300428217263917, 0.15517241379310345, 0.17967094883930584, 0.20241153932837502, 0.2210953346855984, 0.24548118097813837, 0.26698219517692134, 0.2855307640297498, 0.3113139508677034, 0.32776650890241155, 0.3428217263917061, 0.3654496281271129, 0.37568176695965744, 0.3947261663286004, 0.40660356096461575, 0.4228532792427316, 0.4389452332657201, 0.4510254676583277, 0.4680865449628127, 0.47128690556682445, 0.4823980166779355, 0.49725039441063784, 0.5009240477800315, 0.5113364886184358, 0.5247239125535271, 0.5330403425738112, 0.5361956276763579, 0.5461347757493802, 0.5558260085643453, 0.5579445571331981, 0.5703177822853279, 0.5750281721884156, 0.5842461122379986, 0.5920667117421682, 0.5940049583051611, 0.6017804823078656, 0.6074825332431824, 0.613612801442416, 0.6205544286680189, 0.6285553301780482, 0.6299752084741943, 0.6363308541807527, 0.6412666215911652, 0.6479377958079784, 0.6548568852828488, 0.6556457065584854, 0.6623394185260311, 0.6677935542032906, 0.6747351814288934, 0.6744421906693712, 0.6817218841559612, 0.6882578318683795, 0.6860942077980617, 0.6924273157538877, 0.6967771016452559, 0.696596799639396, 0.7050484561640749, 0.7051386071670047, 0.7063556457065585, 0.7112688753662384, 0.7097588460671626, 0.7187288708586883, 0.7190218616182105, 0.7169934640522876, 0.7222447599729547, 0.7246337615505972, 0.7257155735857561, 0.7291863871985576, 0.7298850574712644, 0.7323416723011044, 0.7268649988731125, 0.7284651791751183, 0.7247239125535272], "val_acc": [0.001880288310874334, 0.0031338138514572234, 0.005431944009192521, 0.00804345555207354, 0.022041157421915807, 0.03259166405515512, 0.04648490546328215, 0.07186879766008565, 0.08597095999164317, 0.08534419722135173, 0.09735715031860441, 0.12315888436226888, 0.1312023399143424, 0.1684947247466834, 0.1661965945889481, 0.17329990598558445, 0.21999373237229708, 0.24548208503081584, 0.24600438733939203, 0.2580173404366447, 0.2602110101326648, 0.2922803718792437, 0.2938472788049723, 0.3029353389741983, 0.28193878616943485, 0.3193356314634911, 0.3294682962498694, 0.34764441658832135, 0.34158570980883735, 0.3603885929175807, 0.3865037083463909, 0.36070197430272644, 0.3917267314321529, 0.3865037083463909, 0.39527838713047114, 0.41815522824610885, 0.41376788885406873, 0.42400501410216235, 0.4359135067376998, 0.4268254465684738, 0.4229604094850099, 0.4418677530554685, 0.44050976705317035, 0.44980674814582683, 0.4480309202966677, 0.46996761725686825, 0.4615063198579338, 0.4791601378878095, 0.48166718896897526, 0.48239841220098195, 0.49984330930742715, 0.4966050349942547, 0.5089313694766531, 0.5093492113235141, 0.5069466207040635, 0.5138410111772694, 0.5089313694766531, 0.5124830251749712, 0.518855113339601, 0.5130053274835474, 0.5195863365716077, 0.5318082105922908, 0.535359866290609, 0.523660294578502, 0.5358821685991852, 0.5418364149169539, 0.5351509453671786, 0.544447926459835, 0.544447926459835, 0.5446568473832655, 0.547895121696438, 0.5502977123158884, 0.5505066332393189, 0.55531181447822, 0.5560430377102267, 0.5537449075524914, 0.5532226052439152, 0.5575054841742401, 0.558759009714823, 0.5571921027890944],