{"train_loss": [4.30472529533615, 3.8694920450012398, 3.614543111415121, 3.361461972373548, 3.1146076070743827, 2.9085213722020944, 2.724610091405649, 2.5531397958583115, 2.4025975096889356, 2.299316652836175, 2.195941244526868, 2.1023282863439836, 2.0118294636086085, 1.9326253348437143, 1.8791681167696253, 1.8195397960352473, 1.7575157003142636, 1.7282605320047306, 1.6822788542231004, 1.620363146242645, 1.56895583947822, 1.5378459864971685, 1.5107643684557437, 1.488943996858242, 1.4551155791401944, 1.4255232105981612, 1.3956183616658817, 1.3746487699168637, 1.3628154728631325, 1.3366858609818326, 1.3121932000385257, 1.3104478213280366, 1.272418475048967, 1.253554994742398, 1.2494099100350204, 1.229457959436688, 1.2136340478209726, 1.189226114263614, 1.1820973477010015, 1.1825854203978825, 1.164258148833011, 1.1589671388251679, 1.1520311798897847, 1.1471321673712431, 1.1282446971529638, 1.110079611048979, 1.1017980230856725, 1.1059136057480354, 1.102205772842672, 1.0895862067688793, 1.0862178974332157, 1.0736372533402305, 1.0756836721992236, 1.0653504918334664, 1.0630127363654174, 1.0577794073615119, 1.0470586298284215, 1.0533428338456858, 1.0452493201351016, 1.0421557844612064, 1.0376533761173856, 1.0287305601389525, 1.0328878598141191, 1.0325992222060107, 1.0208740979668147, 1.0175298745201762, 1.023060638656857, 1.0188650029130635, 1.0127779711413174, 1.015455431365365, 1.0082577849605854, 1.0138148531710642, 1.0040702760716615, 1.0050094160325413, 1.0110892886591032, 1.003232277565398, 1.0041756254503096, 1.006959911362126, 1.0126163933925703, 1.0090014835453958], "val_loss": [5.623170626122389, 5.55260503447742, 5.4277317001691845, 5.186502156032984, 5.038184901582874, 4.865376207231542, 4.797617191831533, 4.573733830842979, 4.486489726921041, 4.474500957432428, 4.293623884381962, 4.262258618774302, 4.098986792238133, 4.029568542049906, 4.019145243595999, 3.8834204154242222, 3.8400213809318706, 3.8120848982358795, 3.7454281711508632, 3.708175298725066, 3.6411559090374728, 3.6113308649582136, 3.5596407769329805, 3.5609646320691692, 3.4652582448714084, 3.4893476951835822, 3.4030219899142384, 3.3747129175066015, 3.345064718297665, 3.3414651671883506, 3.334954254407812, 3.292104170537351, 3.2569013772109927, 3.249894760973237, 3.217971530190259, 3.185015248988323, 3.1762995350065744, 3.1355389364458333, 3.124282468664077, 3.136103483709835, 3.1224550762035053, 3.1242146683899845, 3.0746824864146727, 3.069526635652847, 3.0496429856837413, 3.0444388751461626, 3.029581451408544, 3.01625807689024, 3.0174840121985005, 2.986544710608793, 2.9732202009186905, 2.975371794280719, 2.9514899405394055, 2.960382046450969, 2.940601476989893, 2.934807919091121, 2.939584904251011, 2.9382710966161834, 2.921296185141109, 2.9066147113635874, 2.928762034352242, 2.9109173435583564, 2.904317453041304, 2.894116135957559, 2.897318284165133, 2.8828003275398175, 2.8833760205299446, 2.8789910212163825, 2.870468724873526, 2.879458384069046, 2.8756444399650474, 2.8724011092254216, 2.8639608434931954, 2.8690327841897103, 2.8690941021458105, 2.881672411481502, 2.8685067350508513, 2.8668522282502473, 2.8695466605819755, 2.8633252232223922], "train_acc": [0.02950191570881226, 0.05605138607167005, 0.08740139734054542, 0.12071219292314626, 0.16357899481631732, 0.2015551048005409, 0.24237097137705657, 0.28251070543159795, 0.3174442190669371, 0.35176921343249945, 0.3846743295019157, 0.4140635564570656, 0.44101870633310797, 0.4715798963263466, 0.48879873788595896, 0.5139057922019382, 0.5326797385620915, 0.5499887311246338, 0.5644354293441515, 0.589272030651341, 0.6089474870407934, 0.6259184133423484, 0.6362857786792878, 0.6491097588460671, 0.6612125309894072, 0.6758395312147848, 0.6871309443317557, 0.6987829614604463, 0.7045075501464954, 0.719517692134325, 0.725895875591616, 0.7343475321162948, 0.7442866801893171, 0.7545864322740591, 0.7605589362181654, 0.7688753662384494, 0.7739463601532567, 0.7870407933288258, 0.7864773495605138, 0.7962587333784088, 0.8051611449177372, 0.8079332882578318, 0.8114266396213657, 0.8139734054541357, 0.8219292314627, 0.82684246112238, 0.833648861843588, 0.8313725490196079, 0.8402749605589362, 0.8398242055442867, 0.8442190669371197, 0.851183231913455, 0.8499211178724363, 0.8548118097813838, 0.8559837728194726, 0.8587784539102997, 0.8639170610773045, 0.8644805048456164, 0.8674780256930358, 0.8669596574261889, 0.8691683569979716, 0.8740139734054542, 0.8729546991210277, 0.8750056344376831, 0.8803470813612801, 0.8791751183231914, 0.8786342123056119, 0.8822402524228082, 0.8796709488393059, 0.8817894974081587, 0.8819697994140184, 0.8828036961911201, 0.8868830290736984, 0.8858012170385395, 0.8854631507775524, 0.8861618210502592, 0.8814514311471715, 0.8855533017804823, 0.8837728194726167, 0.8856659905341447], "val_acc": [0.009819283401232634, 0.02287684111563773, 0.03551655698318187, 0.056826491173090986, 0.07625613705212576, 0.09913297816776351, 0.1127128381907448, 0.15178105087224486, 0.18291026846338662, 0.1938786169434869, 0.229499634388384, 0.23190222500783453, 0.2730596469236394, 0.28287893032487205, 0.3071137574428079, 0.32111145931265017, 0.3373028308785125, 0.339705421497963, 0.36895435077823047, 0.36999895539538286, 0.3880706152721195, 0.3931891778961663, 0.4124099028517706, 0.4167972422438107, 0.4280789721090567, 0.42713882795361957, 0.45273164107385355, 0.4639089104773843, 0.46672934294369584, 0.4761307844980675, 0.47999582158153137, 0.48981510498276404, 0.5048574114697587, 0.5060064765486263, 0.5159302204115742, 0.5267941084299592, 0.5257495038128068, 0.5421497963020997, 0.5439256241512588, 0.5411051916849472, 0.5523869215501932, 0.5458059124621331, 0.5633552700302935, 0.563982032800585, 0.5678470698840489, 0.5702496605034995, 0.5768306695915596, 0.5780841951321425, 0.5892614645356733, 0.5929175806957067, 0.5983495247048992, 0.5970959991643163, 0.6046171524078137, 0.6010654967094955, 0.6126606079598872, 0.6131829102684634, 0.6111981614958738, 0.6089000313381385, 0.6169434868902121, 0.6202862216650997, 0.6161078031964902, 0.6232111145931265, 0.6202862216650997, 0.6271806121383057, 0.6278073749085971, 0.6321947143006372, 0.6330303979943591, 0.6333437793795048, 0.6331348584560744, 0.6329259375326439, 0.634701765381803, 0.6353285281520944, 0.6391935652355584, 0.6372088164629688, 0.6368954350778231, 0.6334482398412201, 0.6368954350778231, 0.6364775932309621, 0.6374177373863993, 0.6389846443121279],