{"train_loss": [4.175442216620404, 3.7262850032133215, 3.5947388656724537, 3.5109110681651168, 3.4483518466988152, 3.3415962853086727, 3.1398995242786216, 2.9425927400427785, 2.738905179879406, 2.538561405242497, 2.310931595601771, 2.124695219648618, 1.9808325567787124, 1.844008096155885, 1.7091892489555158, 1.5811446002240597, 1.4826404833970963, 1.37584244666509, 1.3080744102244606, 1.2478555293563574, 1.1745689590852595, 1.1258004536573913, 1.0710379251118365, 1.0145587408518453, 0.9720547539547861, 0.9272564104153064, 0.9095341126285267, 0.8733015230735304, 0.8391530914674182, 0.8059752301479853, 0.7778223338523694, 0.7452625021489591, 0.7294030526266297, 0.7159266654505287, 0.6890219797388455, 0.6650496653925333, 0.6433353893413505, 0.642983413451906, 0.6196481863093425, 0.5971161186251792, 0.5739751491778763, 0.5652215500551756, 0.5489435783989773, 0.5382842981791158, 0.5204609280627188, 0.5038885101665912, 0.4909314549315854, 0.4867109498436021, 0.46775729776315383, 0.4544568241569462, 0.4391613854114231, 0.4274124691581468, 0.41813725607470936, 0.41607518614426586, 0.4023533679570114, 0.3902149206000941, 0.3814990310188562, 0.3709655497507762, 0.3576817670128005, 0.3618438978466011, 0.3485449338257514, 0.33807298431451294, 0.3295098440561688, 0.3261679998155056, 0.313002157291905, 0.3104532109796396, 0.30670335906191887, 0.30061612848980834, 0.29599096621509496, 0.297975326051899, 0.28823944153094144, 0.29067676623098104, 0.2858337228547245, 0.2815952663690839, 0.27869362614902793], "val_loss": [5.298571012740622, 4.776297434786202, 4.657714163834904, 7.007114040407033, 4.722930272071573, 4.596044519434998, 4.29303120107321, 4.331807668015063, 4.118274208571138, 4.068268092886776, 3.7093599963360018, 3.742381033498417, 3.6101337403423246, 3.5600044404303506, 3.4449663201083736, 3.459432001112895, 3.3785451523726926, 3.269038737187574, 3.1701574454322, 3.278357184345441, 3.06620966572504, 3.1230646086052944, 3.0410492724041376, 2.998805361009249, 3.034411249471585, 3.0289623388411746, 2.958103683230696, 2.8998386826520677, 2.925538166518447, 2.9801643464329426, 2.858459902683869, 2.823548000209772, 2.8475683962278926, 2.847529476642559, 2.947700917702116, 2.8533516813442774, 2.8508368351361626, 2.882484354769114, 2.7918636940569885, 2.825380269006466, 2.844796314591165, 2.8011545761369008, 2.761079708984201, 2.783698434355515, 2.7505559212832966, 2.741149481294497, 2.7373890577408133, 2.7955015537744528, 2.734801810001687, 2.7835958769089073, 2.7542212810882964, 2.7529193913439753, 2.711620862240155, 2.720473189345475, 2.7268461802032418, 2.710774177769241, 2.7654944189436867, 2.762453281255547, 2.7308129455108547, 2.726645219840314, 2.7204895430717997, 2.713553338143988, 2.712681520150819, 2.7290662407663366, 2.706721918019807, 2.717854320473722, 2.74028341605548, 2.735628107504873, 2.7183954528938896, 2.7170463673537717, 2.7179667025689334, 2.718019447044732, 2.718603275069545, 2.720086434611479, 2.732174492450165], "train_acc": [0.016813162046427767, 0.02943430245661483, 0.03878746901059274, 0.04455713319810683, 0.05231011945007888, 0.06306062654947037, 0.09226955149876043, 0.12361956276763579, 0.15382014874915484, 0.1891818796484111, 0.231710615280595, 0.2692134324994366, 0.30171286905566824, 0.33295019157088124, 0.3626324092855533, 0.39260761775974756, 0.41780482307865674, 0.4477349560513861, 0.4645931935992788, 0.4830065359477124, 0.5014874915483435, 0.5177597475771918, 0.532228983547442, 0.5486139283299527, 0.5631507775524003, 0.5764255127338291, 0.5837502817218841, 0.596078431372549, 0.6038088798737886, 0.6172864548118098, 0.6260311020960109, 0.6357674104124409, 0.6409961685823755, 0.6470588235294118, 0.6586206896551724, 0.6656524678837052, 0.6742618886635113, 0.6763128239801668, 0.6830966869506423, 0.6912328149650665, 0.6988280369619112, 0.7044624746450304, 0.7071895424836602, 0.7150552174892946, 0.7198782961460446, 0.7274960558936218, 0.7352265043948614, 0.7333558710840659, 0.7430921794004959, 0.7456614829839981, 0.7526256479603336, 0.7622267297723687, 0.7637818345729096, 0.7622943430245661, 0.7703853955375254, 0.7754113139508677, 0.7803020058598152, 0.7848095560063105, 0.7889565021410864, 0.7871760198332206, 0.7927879197656074, 0.7973630831643002, 0.803020058598152, 0.804394861392833, 0.8108857336037864, 0.8113815641199008, 0.8141987829614604, 0.8166103222898354, 0.8166779355420329, 0.8172188415596123, 0.8211854856885283, 0.8220644579670949, 0.8240928555330178, 0.8263691683569979, 0.8271354518819022], "val_acc": [0.003760576621748668, 0.006058706779483966, 0.011699571712106968, 0.009923743862947873, 0.016818134336153766, 0.019534106340750024, 0.031233678052856994, 0.041052961454089626, 0.06298965841429019, 0.07270448135380758, 0.12127859605139454, 0.12953097252689857, 0.1423796093178732, 0.1642118458163585, 0.1831191893868171, 0.19534106340750026, 0.20244437480413663, 0.21727776036770083, 0.23430481562728508, 0.22250078345346286, 0.24067690379191475, 0.24318395487308053, 0.2547790661234723, 0.2717016609213413, 0.26031547059438004, 0.2727462655384937, 0.2838190744803092, 0.2968766321947143, 0.3022041157421916, 0.29489188342212475, 0.302830878512483, 0.31651519899717956, 0.3092029666771127, 0.31630627807374906, 0.3078449806748146, 0.32184268254465687, 0.32518541731954453, 0.31745534315261675, 0.3323931891778962, 0.31870886869319964, 0.32518541731954453, 0.3328110310247571, 0.3382429750339497, 0.33322887287161806, 0.3460775096625927, 0.34492844458372507, 0.35234513736550716, 0.33960096103624776, 0.3499425467460566, 0.34524182596887076, 0.3515094536717852, 0.350987151363209, 0.3586127650684216, 0.3526585187506529, 0.35944844876214355, 0.3615376579964483, 0.3560012535255406, 0.35777708137469966, 0.3627911835370312, 0.3688498903165152, 0.365716076465058, 0.37229708555311813, 0.36947665308680666, 0.3655071555416275, 0.3698944949336676, 0.36926773216337616, 0.36926773216337616, 0.36979003447195236, 0.3737595320171315, 0.37125248093596575, 0.3718792437062572, 0.3684320484696542, 0.3726104669382639, 0.37281938786169433, 0.3729238483234096], "lr": [0.001, 0.0009996149036022412, 0.0009984602081996976, 0.0009965376942489858, 0.0009938503261272714, 0.0009904022475614137, 0.0009861987752386395, 0.000981246390608597, 0.0009755527298894296, 0.0009691265722932812, 0.0009619778264893879, 0.0009541175153256283, 0.0009455577588320899, 0.0009363117555328624, 0.0009263937620948693, 0.0009158190713451217, 0.0009046039886902866, 0.0008927658069749323, 0.0008803227798172158, 0.0008672940934631253, 0.0008536998372026807, 0.0008395609723937048, 0.0008248993001409271, 0.0008097374276802623, 0.0007940987335200906, 0.0007780073313932917, 0.0007614880330756167, 0.0007445663101277294, 0.0007272682546199039, 0.0007096205388999457, 0.0006916503744663627, 0.000673385470010208, 0.0006548539886902866, 0.0006360845047076049, 0.0006171059592460251, 0.0005979476158470564, 0.0005786390152875957, 0.0005592099300301903, 0.000539690318316059, 0.0005201102779716552, 0.0005005000000000004, 0.00048088972202834577, 0.0004613096816839419, 0.00044179006996981055, 0.0004223609847124052, 0.00040305238415294436, 0.0003838940407539757, 0.0003649154952923957, 0.00034614601130971415, 0.0003276145299897927, 0.000309349625533638, 0.00029137946110005514, 0.0002737317453800967, 0.00025643368987227126, 0.00023951196692438385, 0.0002229926686067089, 0.00020690126647990995, 0.00019126257231973827, 0.00017610069985907352, 0.00016143902760629592, 0.0001473001627973197, 0.0001337059065368752, 0.00012067722018278468, 0.00010823419302506801, 9.63960113097139e-05, 8.518092865487885e-05, 7.460623790513103e-05, 6.468824446713798e-05, 5.544224116791034e-05, 4.68824846743719e-05, 3.9022173510612304e-05, 3.187342770671919e-05, 2.544727011057083e-05, 1.9753609391403257e-05, 1.4801224761360573e-05]}